benchmark,scenario,training_regime,model,variant_name,replay_fraction_per_task,replay_size_per_task,stage_label,stage_index,eval_task,mean_accuracy,std_accuracy,mean_positive_rate,mean_mean_logit,mean_std_logit,n
sdfc,shared_head,sequential,dendritic_affine_separate,dendritic_affine_separate_shared_head_sequential_tasks4_epochs5_hd128-128_lr1e-03_aplr1_apinit4_temp1_replaypct0_replaysize0,0.0,0,after_task_3,3,0,0.2835,0.17389256740873082,0.4471,-0.6403308510780334,3.625274658203125,5
sdfc,shared_head,sequential,dendritic_affine_separate,dendritic_affine_separate_shared_head_sequential_tasks4_epochs5_hd128-128_lr1e-03_aplr1_apinit4_temp1_replaypct0_replaysize0,0.0,0,after_task_3,3,1,0.5492,0.11091415599462492,0.6269,1.7651447296142577,5.214057397842407,5
sdfc,shared_head,sequential,dendritic_affine_separate,dendritic_affine_separate_shared_head_sequential_tasks4_epochs5_hd128-128_lr1e-03_aplr1_apinit4_temp1_replaypct0_replaysize0,0.0,0,after_task_3,3,2,0.7582,0.04518794086921864,0.3673,-2.789563703536987,7.896699333190918,5
sdfc,shared_head,sequential,dendritic_affine_separate,dendritic_affine_separate_shared_head_sequential_tasks4_epochs5_hd128-128_lr1e-03_aplr1_apinit4_temp1_replaypct0_replaysize0,0.0,0,after_task_3,3,3,0.9624,0.003697972417420128,0.49079999999999996,-0.08876191377639768,10.925164031982423,5
sdfc,shared_head,sequential,dendritic_affine_separate,dendritic_affine_separate_shared_head_sequential_tasks4_epochs5_hd128-128_lr1e-03_aplr1_apinit4_temp1_replaypct10_replaysize1000,0.1,1000,after_task_3,3,0,0.9564999999999999,0.0037080992435478237,0.5095,0.9674557209014892,11.904076576232912,5
sdfc,shared_head,sequential,dendritic_affine_separate,dendritic_affine_separate_shared_head_sequential_tasks4_epochs5_hd128-128_lr1e-03_aplr1_apinit4_temp1_replaypct10_replaysize1000,0.1,1000,after_task_3,3,1,0.9625,0.003482097069296027,0.51,0.23298754692077636,10.84740982055664,5
sdfc,shared_head,sequential,dendritic_affine_separate,dendritic_affine_separate_shared_head_sequential_tasks4_epochs5_hd128-128_lr1e-03_aplr1_apinit4_temp1_replaypct10_replaysize1000,0.1,1000,after_task_3,3,2,0.9640000000000001,0.003181980515339498,0.49470000000000003,-0.15243396759033204,9.862991333007812,5
sdfc,shared_head,sequential,dendritic_affine_separate,dendritic_affine_separate_shared_head_sequential_tasks4_epochs5_hd128-128_lr1e-03_aplr1_apinit4_temp1_replaypct10_replaysize1000,0.1,1000,after_task_3,3,3,0.9578,0.006006246748178134,0.5084,0.6805566713213921,11.07340030670166,5
sdfc,shared_head,sequential,dendritic_affine_separate,dendritic_affine_separate_shared_head_sequential_tasks4_epochs5_hd128-128_lr1e-03_aplr1_apinit4_temp1_replaypct2_replaysize200,0.02,200,after_task_3,3,0,0.9419000000000001,0.00811171991626926,0.5187,1.444023311138153,12.407193374633788,5
sdfc,shared_head,sequential,dendritic_affine_separate,dendritic_affine_separate_shared_head_sequential_tasks4_epochs5_hd128-128_lr1e-03_aplr1_apinit4_temp1_replaypct2_replaysize200,0.02,200,after_task_3,3,1,0.9573,0.011322543883774561,0.5056,0.18178536295890813,13.789725875854492,5
sdfc,shared_head,sequential,dendritic_affine_separate,dendritic_affine_separate_shared_head_sequential_tasks4_epochs5_hd128-128_lr1e-03_aplr1_apinit4_temp1_replaypct2_replaysize200,0.02,200,after_task_3,3,2,0.9584999999999999,0.003535533905932757,0.49939999999999996,0.22729847133159647,11.19415740966797,5
sdfc,shared_head,sequential,dendritic_affine_separate,dendritic_affine_separate_shared_head_sequential_tasks4_epochs5_hd128-128_lr1e-03_aplr1_apinit4_temp1_replaypct2_replaysize200,0.02,200,after_task_3,3,3,0.9586,0.003927467377331089,0.5042,0.4821603879332542,11.213920402526856,5
sdfc,shared_head,sequential,dendritic_affine_separate,dendritic_affine_separate_shared_head_sequential_tasks4_epochs5_hd128-128_lr1e-03_aplr1_apinit4_temp1_replaypct5_replaysize500,0.05,500,after_task_3,3,0,0.9541999999999999,0.0019557607215607907,0.5147999999999999,1.3141425408422946,12.539466094970702,5
sdfc,shared_head,sequential,dendritic_affine_separate,dendritic_affine_separate_shared_head_sequential_tasks4_epochs5_hd128-128_lr1e-03_aplr1_apinit4_temp1_replaypct5_replaysize500,0.05,500,after_task_3,3,1,0.9622999999999999,0.0050447993022518026,0.5024,-0.05144397318363192,12.296852302551269,5
sdfc,shared_head,sequential,dendritic_affine_separate,dendritic_affine_separate_shared_head_sequential_tasks4_epochs5_hd128-128_lr1e-03_aplr1_apinit4_temp1_replaypct5_replaysize500,0.05,500,after_task_3,3,2,0.9629,0.002770379035439046,0.4902,0.019810962677001952,10.67177791595459,5
sdfc,shared_head,sequential,dendritic_affine_separate,dendritic_affine_separate_shared_head_sequential_tasks4_epochs5_hd128-128_lr1e-03_aplr1_apinit4_temp1_replaypct5_replaysize500,0.05,500,after_task_3,3,3,0.9568999999999999,0.005424481542046216,0.5065,0.6120886236429215,11.031060409545898,5
sdfc,shared_head,sequential,film_full,film_full_shared_head_sequential_tasks4_epochs5_hd128-128_lr1e-03_aplr1_apinit4_temp1_replaypct0_replaysize0,0.0,0,after_task_3,3,0,0.2798,0.19250538953494264,0.44580000000000003,-0.4484889864921572,3.829763984680176,5
sdfc,shared_head,sequential,film_full,film_full_shared_head_sequential_tasks4_epochs5_hd128-128_lr1e-03_aplr1_apinit4_temp1_replaypct0_replaysize0,0.0,0,after_task_3,3,1,0.5503,0.09914421314428798,0.6204,1.4746228218078614,5.382021570205689,5
sdfc,shared_head,sequential,film_full,film_full_shared_head_sequential_tasks4_epochs5_hd128-128_lr1e-03_aplr1_apinit4_temp1_replaypct0_replaysize0,0.0,0,after_task_3,3,2,0.7635,0.041438207007543165,0.3776,-2.307066869735718,8.26130781173706,5
sdfc,shared_head,sequential,film_full,film_full_shared_head_sequential_tasks4_epochs5_hd128-128_lr1e-03_aplr1_apinit4_temp1_replaypct0_replaysize0,0.0,0,after_task_3,3,3,0.9629,0.0031503968004046932,0.4909,-0.297689950466156,10.945146179199218,5
sdfc,shared_head,sequential,film_full,film_full_shared_head_sequential_tasks4_epochs5_hd128-128_lr1e-03_aplr1_apinit4_temp1_replaypct10_replaysize1000,0.1,1000,after_task_3,3,0,0.9567,0.003784838173555121,0.5101,0.9291126132011414,11.76444320678711,5
sdfc,shared_head,sequential,film_full,film_full_shared_head_sequential_tasks4_epochs5_hd128-128_lr1e-03_aplr1_apinit4_temp1_replaypct10_replaysize1000,0.1,1000,after_task_3,3,1,0.9629999999999999,0.0023184046238739348,0.5103,0.3717610120773315,10.673519515991211,5
sdfc,shared_head,sequential,film_full,film_full_shared_head_sequential_tasks4_epochs5_hd128-128_lr1e-03_aplr1_apinit4_temp1_replaypct10_replaysize1000,0.1,1000,after_task_3,3,2,0.9635,0.0029368350311176697,0.4934,0.41798771023750303,9.866915512084962,5
sdfc,shared_head,sequential,film_full,film_full_shared_head_sequential_tasks4_epochs5_hd128-128_lr1e-03_aplr1_apinit4_temp1_replaypct10_replaysize1000,0.1,1000,after_task_3,3,3,0.9574,0.00486569625028118,0.5082,0.5051356986165046,10.911574363708496,5
sdfc,shared_head,sequential,film_full,film_full_shared_head_sequential_tasks4_epochs5_hd128-128_lr1e-03_aplr1_apinit4_temp1_replaypct2_replaysize200,0.02,200,after_task_3,3,0,0.9426,0.007789415895944944,0.5187999999999999,1.1763931155204772,11.943772315979004,5
sdfc,shared_head,sequential,film_full,film_full_shared_head_sequential_tasks4_epochs5_hd128-128_lr1e-03_aplr1_apinit4_temp1_replaypct2_replaysize200,0.02,200,after_task_3,3,1,0.9568999999999999,0.011030639147393037,0.5067999999999999,0.42542324066162107,13.420569801330567,5
sdfc,shared_head,sequential,film_full,film_full_shared_head_sequential_tasks4_epochs5_hd128-128_lr1e-03_aplr1_apinit4_temp1_replaypct2_replaysize200,0.02,200,after_task_3,3,2,0.9586,0.004335896677735764,0.49729999999999996,0.5407950878143312,11.267129707336426,5
sdfc,shared_head,sequential,film_full,film_full_shared_head_sequential_tasks4_epochs5_hd128-128_lr1e-03_aplr1_apinit4_temp1_replaypct2_replaysize200,0.02,200,after_task_3,3,3,0.9593,0.004324349662087987,0.5021,0.4732076346874237,11.254339027404786,5
sdfc,shared_head,sequential,film_full,film_full_shared_head_sequential_tasks4_epochs5_hd128-128_lr1e-03_aplr1_apinit4_temp1_replaypct5_replaysize500,0.05,500,after_task_3,3,0,0.9549,0.0029453352950046417,0.5141,1.1898319661617278,12.233243560791015,5
sdfc,shared_head,sequential,film_full,film_full_shared_head_sequential_tasks4_epochs5_hd128-128_lr1e-03_aplr1_apinit4_temp1_replaypct5_replaysize500,0.05,500,after_task_3,3,1,0.9619,0.0052962250707460955,0.5034,0.14639199674129483,11.996903419494629,5
sdfc,shared_head,sequential,film_full,film_full_shared_head_sequential_tasks4_epochs5_hd128-128_lr1e-03_aplr1_apinit4_temp1_replaypct5_replaysize500,0.05,500,after_task_3,3,2,0.9621999999999999,0.0026598872156541023,0.4891,0.6364953998476267,10.510873222351075,5
sdfc,shared_head,sequential,film_full,film_full_shared_head_sequential_tasks4_epochs5_hd128-128_lr1e-03_aplr1_apinit4_temp1_replaypct5_replaysize500,0.05,500,after_task_3,3,3,0.9574999999999999,0.0040620192023179845,0.5069,0.67438182272017,10.981911277770996,5
